{
  "n_test": 7185,
  "n_fraud": 99,
  "n_legit": 7086,
  "baseline_anomaly_only": {
    "description": "anomaly_agent alone, flagged = score >= threshold",
    "false_positive_rate": 0.015241320914479255,
    "false_negative_rate": 0.09090909090909091,
    "tp": 90,
    "fp": 108,
    "tn": 6978,
    "fn": 9
  },
  "multi_agent_pipeline": {
    "description": "verdict breakdown by ground truth",
    "block": {
      "fraud": 66,
      "legit": 10
    },
    "escalate": {
      "fraud": 30,
      "legit": 136
    },
    "allow": {
      "fraud": 3,
      "legit": 6940
    },
    "strict_false_positive_rate": 0.0014112334180073384,
    "strict_false_negative_rate": 0.030303030303030304,
    "broad_false_positive_rate": 0.020604007902907142,
    "broad_false_negative_rate": 0.030303030303030304,
    "escalation_rate": 0.023103688239387615
  }
}