{
  "n_test": 30000,
  "n_fraud": 39,
  "n_legit": 29961,
  "baseline_anomaly_only": {
    "description": "anomaly_agent alone, flagged = score >= threshold",
    "false_positive_rate": 0.006007810153199159,
    "false_negative_rate": 0.02564102564102564,
    "tp": 38,
    "fp": 180,
    "tn": 29781,
    "fn": 1
  },
  "multi_agent_pipeline": {
    "description": "verdict breakdown by ground truth",
    "block": {
      "fraud": 4,
      "legit": 130
    },
    "escalate": {
      "fraud": 34,
      "legit": 180
    },
    "allow": {
      "fraud": 1,
      "legit": 29651
    },
    "strict_false_positive_rate": 0.004338973999532726,
    "strict_false_negative_rate": 0.02564102564102564,
    "broad_false_positive_rate": 0.010346784152731884,
    "broad_false_negative_rate": 0.02564102564102564,
    "escalation_rate": 0.0071333333333333335
  }
}